crop_type,region,year,price_birr_per_quintal
 sorghum ,Amhara,2022,
wheat,SNNPR,2023,5321.0
maize,Amhara,2022,2824.0
Wheat,Tigray,2022,4686.0
sorghum,Somali,2023,3642.0
wheat,Tigray,2021,4484.0
teff,Oromia,2023,8071.0
wheat,Oromia,2021,3644.0
teff,SNNPR,2024,8294.0
wheat,Oromia,2024,5387.0
barley,SNNPR,2024,
 wheat ,SNNPR,2024,5898.0
sorghum,Oromia,2023,3262.0
 maize ,Oromia,2021,2714.0
sorghum,Oromia,2021,2709.0
 wheat ,Somali,2023,4846.0
maize,SNNPR,2021,2823.0
maize,SNNPR,2024,3007.0
teff,SNNPR,2023,8598.0
sorghum,Somali,2022,2972.0
barley,Somali,2023,4965.0
maize,Amhara,2024,3131.0
wheat,SNNPR,2021,4588.0
wheat,Somali,2024,5241.0
wheat,Somali,2021,44.0
teff,Tigray,2023,7701.0
sorghum,Tigray,2021,2723.0
sorghum,Amhara,2023,3376.0
maize,Oromia,2024,3186.0
barley,SNNPR,2022,4181.0
teff,Amhara,2022,7129.0
barley,Tigray,2022,4359.0
 sorghum ,Somali,2021,2559.0
wheat,Amhara,2022,49.0
maize,Tigray,2022,3223.0
maize,Oromia,2023,3074.0
 sorghum ,SNNPR,2023,3493.0
maize,Somali,2023,2979.0
wheat,Amhara,2021,4409.0
wheat,Oromia,2022,4538.0
wheat,Tigray,2023,4310.0
wheat,Somali,2022,4579.0
maize,SNNPR,2023,3073.0
teff,Somali,2023,8506.0
 barley ,Oromia,2022,4179.0
Sorghum,Somali,2024,3399.0
barley,Oromia,2024,4590.0
teff,Tigray,2021,6879.0
Maize,Tigray,2021,2576.0
teff,Amhara,2023,7289.0
barley,Tigray,2024,5199.0
Maize,Oromia,2022,2725.0
barley,Tigray,2021,3847.0
sorghum,SNNPR,2022,2922.0
barley,Somali,2022,4230.0
barley,Amhara,2022,3997.0
Maize,Somali,2022,2712.0
barley,SNNPR,2021,4284.0
maize,Somali,2024,3497.0
teff,Somali,2024,8811.0
barley,Amhara,2021,41.0
wheat,Tigray,2024,5652.0
sorghum,Tigray,2022,3106.0
teff,SNNPR,2021,7325.0
wheat,Amhara,2023,4590.0
barley,Somali,2021,3748.0
maize,Amhara,2023,
wheat,Amhara,2024,5609.0
teff,Somali,2021,7175.0
teff,Oromia,2021,6396.0
 maize ,Tigray,2024,3345.0
teff,Oromia,2022,7669.0
barley,Amhara,2024,4863.0
teff,Amhara,2021,6650.0
barley,Tigray,2023,4561.0
maize,Amhara,2021,2403.0
teff,Somali,2022,7269.0
teff,Tigray,2024,8474.0
barley,Amhara,2023,4644.0
maize,SNNPR,2022,2767.0
 sorghum ,Oromia,2022,3302.0
sorghum,Oromia,2024,3503.0
sorghum,SNNPR,2024,3577.0
maize,Somali,2021,2495.0
Barley,SNNPR,2023,4735.0
 barley ,Oromia,2023,4943.0
maize,Tigray,2023,3078.0
teff,Oromia,2024,8707.0
Sorghum,Amhara,2024,34.0
 teff ,SNNPR,2022,7653.0
Barley,Oromia,2021,3755.0
wheat,Oromia,2023,4848.0
wheat,SNNPR,2022,4873.0
 sorghum ,SNNPR,2021,2747.0
teff,Tigray,2022,7271.0
sorghum,Tigray,2023,3605.0
 teff ,Amhara,2024,
sorghum,Amhara,2021,2706.0
sorghum,Tigray,2024,3583.0
 barley ,Somali,2024,5206.0
