region,year,month,avg_temp_c,monthly_rainfall_mm,extreme_heat_days
Oromia,2024,Feb,18.2,78.5,0
Amhara,2021,Sep,15.1,271.9,0
Tigray,2023,May,17.8,63.1,0
SOM,2024,Apr,29.2,14.8,12
Oromia,2022,Dec,20.3,26.1,0
Tigray,2024,Nov,20.4,11.3,0
Amhara,2024,Oct,15.9,17.2,0
AMH,2022,Mar,19.8,67.5,0
Amhara,2024,May,18.2,44.9,0
Somali,2021,May,30.5,29.1,20
AMH,2021,Jul,16.7,214.6,0
SNNP,2023,Oct,19.7,26.6,0
Tigray,2022,Nov,17.9,21.7,0
Somali,2022,Jun,25.5,58.2,7
Amhara,2022,Apr,19.7,46.5,0
Tigray,2022,Oct,17.5,15.3,0
Tigray,2021,Jan,18.5,38.4,0
Tigray,2024,Feb,22.0,49.7,1
Somali ,2022,Oct,27.4,11.9,8
Tigray,2024,Apr,20.8,53.6,0
Somali,2023,Mar,30.3,32.8,20
Oromia,2021,Apr,20.8,60.7,0
amhara,2021,Oct,18.5,25.9,1
SNNPR,2024,Mar,22.3,81.4,0
SNNPR,2024,Apr,21.7,120.4,0
Oromia,2023,Apr,20.4,90.1,0
SNNPR ,2022,Nov,20.9,29.5,0
Somali,2024,Feb,31.0,15.3,18
Amhara,2021,Aug,15.7,285.8,0
Oromia,2021,Oct,21.4,14.4,0
SNNPR,2023,Sep,20.2,139.5,0
SNNPR,2024,Feb,20.2,96.5,0
Amhara,2022,May,19.1,52.9,0
SNNPR,2021,May,22.1,113.4,0
Oromia ,2021,Dec,19.6,12.9,0
oromia,2023,Jul,16.9,197.9,0
SNNPR,2022,Jan,20.0,23.7,0
Somali,2022,Feb,27.0,37.7,4
Oromia,2024,Jul,17.0,205.7,0
Tigray,2022,Mar,17.5,106.5,0
SNNPR,2023,Feb,21.0,109.1,0
ORO,2023,Nov,18.1,24.0,0
Amhara,2022,Jun,16.4,128.7,0
TIG,2022,Sep,15.4,154.5,0
Somali,2023,Dec,28.8,5.4,13
Oromia,2021,Mar,20.2,48.2,0
Oromia,2022,Apr,20.9,96.4,0
Oromia,2022,Jun,18.2,265.8,0
SNNP,2024,Jun,18.4,178.6,0
somali,2024,Mar,32.0,20.6,21
Oromia,2021,Jan,20.3,20.1,0
SNNPR,2022,Oct,20.5,27.4,0
Oromia,2023,Mar,20.4,71.7,0
Oromia,2022,Nov,19.3,17.4,0
Somali,2022,May,27.8,22.1,13
somali,2021,Mar,31.3,29.3,22
Somali,2021,Dec,30.5,8.2,12
SNNPR,2021,Nov,22.3,24.0,0
SNNP,2023,Nov,19.1,29.8,0
SNNPR,2024,Nov,20.7,20.7,0
Tigray,2024,Dec,20.0,6.8,0
Somali,2022,Mar,27.2,37.1,13
Oromia,2022,Oct,20.9,,0
SNNPR,2021,Sep,21.5,207.0,0
Somali,2021,Jan,29.3,6.2,12
Somali ,2022,Aug,25.1,66.0,2
Amhara,2021,Jan,17.3,31.6,1
Amhara,2023,Feb,15.3,68.6,0
Tigray,2024,Oct,21.1,10.7,0
ORO,2023,Aug,17.4,247.8,0
Tigray,2024,Jul,19.4,85.0,0
Tigray,2021,Nov,18.1,27.5,0
Amhara,2021,Nov,18.5,38.1,0
amhara,2024,Aug,16.7,69.3,0
SNNPR,2021,Dec,21.4,21.8,0
Amhara ,2022,Feb,19.6,62.5,0
Amhara,2023,Oct,16.3,17.8,0
Oromia,2024,Aug,19.1,185.1,0
Amhara,2021,Dec,16.9,35.7,0
Somali,2024,Nov,28.8,5.8,16
Somali,2022,Jan,26.5,9.7,5
Somali,2024,Dec,29.4,3.0,15
Somali,2021,Aug,29.5,48.9,19
Amhara,2023,Jun,17.0,118.5,0
Tigray,2021,Aug,17.2,186.7,0
SNNPR,2023,Aug,18.1,180.2,0
Tigray,2022,Dec,17.6,32.8,0
SOM,2024,May,29.7,16.7,12
ORO,2023,Oct,18.8,19.7,0
Oromia,2022,May,20.5,73.2,0
SNNP,2021,Aug,19.8,218.9,0
Tigray,2023,Apr,19.1,66.2,0
Tigray,2022,Jan,18.6,15.5,0
SNNPR,2021,Apr,21.6,71.8,0
Tigray,2022,Apr,18.0,109.5,0
Amhara,2022,Nov,19.5,28.8,0
Tigray,2023,Dec,19.2,10.8,0
Oromia,2024,Jan,18.6,29.9,0
Amhara,2021,Jun,15.1,151.8,1
SNNPR ,2021,Jul,20.7,282.8,0
Somali,2021,Jun,28.8,36.5,18
Tigray,2023,Sep,14.1,91.6,0
tigray,2023,Jul,15.4,128.2,1
Tigray,2024,May,21.7,30.7,0
Oromia,2023,Jun,16.4,124.7,0
Somali,2022,Jun,25.4,58.2,7
SNNPR,2022,Jun,18.7,209.1,0
Somali,2022,Dec,27.0,4.9,13
Oromia,2021,May,20.6,48.2,0
Oromia,2022,Feb,20.8,86.9,0
tigray,2023,Jun,14.9,120.2,0
SNNPR,2023,Apr,20.5,106.9,1
Amhara,2022,Sep,17.6,120.7,0
Amhara,2021,Apr,18.5,102.2,0
Amhara ,2022,Jul,17.9,113.1,0
Oromia,2021,Nov,19.1,18.6,0
Amhara ,2024,Sep,15.6,141.8,0
Amhara,2024,Jul,15.4,123.7,0
SNNPR,2024,Oct,20.1,21.5,0
Tigray,2022,Feb,18.9,70.6,0
snnpr,2021,Mar,24.1,102.0,8
Somali ,2023,Feb,29.3,38.1,11
Somali,2023,Apr,29.6,25.2,14
Oromia,2021,Jun,17.2,165.3,0
Tigray,2021,Dec,18.9,29.2,0
Somali ,2023,Aug,27.8,56.1,12
Oromia,2024,May,18.3,68.1,0
Somali,2024,Oct,28.3,3.9,10
Amhara,2022,Jan,19.8,13.9,0
SNNPR ,2022,Feb,20.7,74.6,0
TIG,2022,Jul,16.5,90.4,0
Oromia,2021,Jul,17.8,111.9,1
Somali,2023,May,28.8,33.4,16
Tigray ,2021,Mar,18.2,112.0,0
SNNPR,2022,Sep,17.9,114.2,0
SNNP,2022,Apr,22.0,105.2,0
TIG,2021,May,18.6,112.6,0
Tigray,2023,Aug,17.1,114.8,0
Amhara,2022,Sep,16.9,120.7,0
Somali,2023,Oct,29.2,9.9,15
SNNPR,2021,Oct,21.7,27.8,0
Tigray,2021,Jul,14.9,153.8,0
Oromia ,2023,Sep,18.3,141.8,0
SNNPR,2023,Jun,18.2,276.4,0
SNNPR,2023,Jul,18.1,169.8,0
Somali,2023,Sep,27.8,66.3,13
Oromia,2024,Apr,20.2,55.8,0
Somali,2023,Jan,29.9,12.9,12
Somali,2024,Aug,26.4,44.4,12
Amhara,2021,May,17.7,78.8,0
Amhara,2024,Jun,15.7,133.5,0
Tigray,2023,Nov,16.9,11.9,0
Tigray,2024,Mar,20.9,64.4,0
amhara,2023,Aug,14.5,192.8,0
SNNPR,2023,Dec,20.1,18.1,0
SNNPR,2022,Mar,22.0,91.8,1
somali,2023,Jul,28.2,84.3,16
Oromia,2021,Sep,18.2,147.1,0
Oromia ,2024,Jun,17.3,157.8,1
SNNPR,2022,Aug,18.4,227.2,1
Amhara,2021,Feb,17.0,77.4,0
Somali,2021,Sep,29.3,46.7,13
Amhara,2021,Mar,17.1,114.4,0
ORO,2022,Aug,18.5,211.8,0
Oromia,2024,Sep,15.1,,0
Oromia,2022,Jul,19.2,120.1,0
Amhara,2024,Dec,,12.1,0
SNNPR,2023,May,21.9,123.6,0
SNNPR ,2021,Jul,21.3,282.8,0
Oromia,2022,Sep,19.0,167.6,0
Amhara,2023,Nov,16.0,21.4,0
Somali,2024,Jan,29.3,6.6,10
Somali,2022,Jul,25.5,47.7,4
Amhara,2023,May,15.9,54.3,0
Amhara,2023,Jan,17.4,15.9,0
SNNPR,2024,Dec,20.6,25.7,0
SNNPR,2024,Jul,19.4,133.4,0
Oromia,2021,Feb,19.2,61.6,0
Tigray ,2024,Aug,19.6,110.5,0
SOM,2024,Sep,28.2,33.3,8
SNNPR ,2024,Sep,18.9,266.7,0
Somali,2021,Jul,28.8,54.7,12
Tigray,2023,Oct,17.0,17.5,0
somali,2022,Apr,27.7,27.0,11
Tigray,2021,Feb,18.9,99.1,0
Oromia,2021,Aug,17.6,121.5,0
Tigray,2021,Jun,17.3,141.4,0
Oromia,2024,Nov,19.4,20.8,0
Oromia,2023,May,19.9,72.5,0
Somali,2021,Apr,31.1,39.8,14
Tigray,2021,Feb,19.3,99.1,0
SNNPR,2022,May,21.2,55.5,0
Amhara,2024,Nov,16.1,19.6,0
Somali,2022,Sep,23.1,81.6,3
Tigray,2022,Aug,14.2,133.8,0
Oromia,2023,Jan,19.3,24.1,0
SNNPR,2021,Jun,18.5,203.7,0
Amhara,2024,Jan,17.6,15.4,0
Somali,2023,Nov,29.9,6.9,13
Somali,2021,Nov,30.7,8.2,26
SNNPR,2023,Jan,20.3,26.9,0
Tigray,2024,Jan,19.8,11.2,0
Amhara,2023,Mar,16.5,57.4,0
Amhara,2022,Dec,18.6,14.3,0
Tigray ,2021,Oct,17.9,30.1,0
Tigray,2022,May,17.1,66.2,0
Somali,2024,Feb,30.5,15.3,18
Amhara,2024,Jul,15.4,123.7,0
Oromia,2024,Mar,20.1,92.5,0
Amhara,2023,Jul,14.9,244.6,0
SNNPR,2024,May,21.5,77.0,0
Tigray ,2021,Apr,19.3,131.9,0
Oromia,2023,Dec,19.0,15.0,0
SNNPR,2024,Aug,17.4,124.3,0
snnpr,2024,Jan,21.2,21.6,1
Oromia,2024,Dec,17.7,13.2,0
Tigray,2023,Jan,17.0,10.7,0
TIG,2024,Jun,18.2,110.3,0
SNNPR,2021,Feb,23.4,63.3,4
SNNPR,2022,Jul,17.8,148.8,0
Oromia,2023,Feb,19.7,73.2,0
Amhara,2024,Apr,18.2,38.3,0
Amhara,2023,Apr,15.6,49.5,0
Tigray,2023,Mar,18.6,55.7,0
AMH,2023,Sep,14.4,153.5,0
Oromia,2022,Mar,20.9,97.5,0
Somali,2021,Feb,31.8,17.3,19
Amhara,2024,Mar,16.9,79.8,0
SNNPR,2021,Jan,23.5,30.4,6
Amhara,2024,Feb,19.1,65.3,0
Somali,2021,Oct,31.1,12.1,21
Tigray,2022,Jun,14.3,193.0,0
